ITEMID,ITEMNAME,VEHICLETYPE,ITEMBRAND,LISTPRICE,DISCOUNT
STD-5100,CHAIN SPROCKET SET ,HH/SS,STANDARD GOLD,605,45
STD-5101,CHIAIN SPROCKET SET,SPLENDER O/M,STANDARD GOLD,605,45
STD-5102,CHAIN SPROCKET SET,PASSION,STANDARD GOLD,605,45
STD-001,TIMING GEAR OF 4 W/CHAIN,HH,SG,286,43
STD-002,TIMING GEAR SET (SET OF 4),HH,SG,165.1,43
STD-002A,TIMING GEAR SET(SET OF 3),HH,SG,127.4,43
STD-003,TIMING KIT(SET OF 2),KB-4S,SG,84.5,43
STD-003A,TIMING KIT(SET OF 3),KB-4S,SG,123.5,43
STD-004,TIMING KIT(SET OF 3),PULSAR,SG,130,43
STD-004A,TIMING KIT(SET OF 3),DISCOVER /DTSI,SG,130,43
STD-004B,TIMING KIT(SET OF 3),CT-100,SG,149.5,43
STD-005,TIMING KIT(SET OF 3),CBZ/AMBITION,SG,149.5,43
STD-005A,TIMING KIT(SET OF 3),S-SPL/GLAMR,SG,123.5,43
898,SILENCER CLUMP WITH BOLT CP,B.M-80,S W,25,35
853,CRONO GEAR,B.M-80,S W,287.5,35
852,CLUTCH (ENGINE) GEAR ,B-M-80,S W,260,35
145,KICK SHAFT DLX,RAJDOOT,SW,117.5,35
1322,WASHER PLAIN THICK NO.10(6.MM),COMMON ITEM,SW,0.99,35
1329,WASHER PLAIN STUPNY BIG NO.10 (6MM),COMMON ITEM,SW ,1.25,35
1324,WASHER PLAIN THICK NO 14(8MM),COMMON,SW,0.625,35
NEW-034102,CLUTCH SD.LIVER,HH,NEWIN,71.88,43
NEW-034104,"CLUTCH,BRK&LEVER",CBZ,NEWIN,87.24,43
NEW-034105,"CLUTCH,BRK&LEVER",AMBI/CBZ,NEWIN,89.4,43
NEW-034204,"CLUTCH,BRK&LEVER",MAX100,NEWIN,67.56,43
NEW-034207,"CLUTCH,BRK&LEVER",VICTOR,NEWIN,80.4,43
NEW-034210,"CLUTCH,BRK&LEVER",APACHE-RTR,NEWIN,119.88,43
NEW-034255,"CLUTCH,BRK&LEVER",PLSR,NEWIN,100.2,43
NEW-034701,"CLUTCH,BRK&LEVER",SCOOTY,NEWIN,66,43
NEW-034702,"CLUTCH,BRK&LEVER",NEW-SCOOTY,NEWIN,66,43
NEW-034704,"CLUTCH,BRK&LEVER",PEP,NEWIN,63.6,43
NEW-040104,FR-FT-RSET LEFT,SPL,NEWIN,46.2,43
NEW-040105,FR-FT-RSET RIGHT,SPL,NEWIN,46.2,43
NEW-042201,FR-FT-RSET ROD+RUB,SUZUKI,NEWIN,239.88,43
NEW-042206@,FR-FT-RSET ROD+RUB,STAR-CITY,NEWIN,261.6,43
NEW-042207,FR-FT-RSET ROD+RUB,CENTRA,NEWIN,264,43
NEW-042252@,FR-FT-RSET ROD+RUB,KB-4S,NEWIN,290.04,43
NEW-042258,FR-FT-RSET ROD+RUB,DISC-125CC,NEWIN,261.6,43
NEW-042402,FR-FT-RSET ROD+RUB,FREEDOM,NEWIN,270,43
NEW-046103,GEAR/LEVER,SPLENDER,NEWIN,152.52,43
NEW-046201,GEAR/LEVER,SUZUKI,NEWIN,100.2,43
NEW-046203,GEAR/LEVER,VICTOR-GL,NEWIN,146.04,43
NEW-048101,GEAR SHAFT ASSY,HH,NEWIN,152.64,43
NEW-048201,GEAR SHAFT+LEV+SPR,SUZUKI,NEWIN,174.48,43
NEW-048252,GEAR SHAFT+LEV,KB-4S,NEWIN,152.64,43
NEW-049102@,HNDLE BAR,SPL,NEWIN,186,43
NEW-049253,HANDLE BAR,CT-100,NEWIN,186,43
NEW-052101,HANDLE-T,CD-DAWN,NEWIN,479.88,43
NEW-052209,HANDLE-T,TVS STAR,NEWIN,479.88,43
NEW-053151,CLUTCH YOKE,RX-100,NEWIN,33.6,43
NEW-053152,BRAKE YOKE,RX-100,NEWIN,33.6,43
NEW-053252,BRAKE YOKE,BOXER/4S/KB-100,NEWIN,33.6,43
NEW-053952,CLUTCH YOKE,RAJDOOT,NEWIN,36.6,43
NEW-058102,KICK BOSS+LOCK KIT,SPL/PASSION,NEWIN,71.88,43
NEW-058203,KICK BOSS+LOCK KIT,TVS CENTRA,NEWIN,102.36,43
NEW-058253,KICK BOSS+LOCK KIT,CALIBR,NEWIN,41.4,43
NEW-058451,KICK BOX+LOCK KIT,BYK/M80-MAJOR,NEWIN,71.88,43
NEW-060102,KICK LIVER,SPL/PASSION,NEWIN,222.48,43
NEW-060201,KICK LEVER,TVS SUZUKI,NEWIN,218.04,43
NEW-062103,MAIN TUBE ,SPL/PASSION,NEWIN,654,43
NEW-062255,MAIN TUBE,PLSR-150+180,NEWIN,654,43
NEW-062259,MAIN TUBE,DISCOVER,NEWIN,763.2,43
NEW-062260,MAIN TUBE ,DISCOVER-112CC,NEWIN,708,43
NEW-062261,MAIN TUBE,PLATINA,NEWIN,654,43
1375,NUT BOLT WITH WASHER (8 NO ) 19MM,COMMON,SW,1.675,35
1340,NUT BOLT WITH WASHER (8 NO) 25 MM,COMMON,SW,1.875,35
2011,NUT BOLT&WASHER(10 NO) 12 MM,COMMON,SW,1.62,35
2012,NUT BOLT&WASHER (10 NO) 18,COMMON,SW,1.77,35
2013,NUT BOLT&WASHER (10 NO) 25 MM,COMMON,SW,1.85,35
2014,NUT BOLT&WASHER (10 NO ) 30 MM,COMMON,SW,2.17,35
2015,NUT BOLT&WASHER (10 NO ) 35,COMMON,SW,2.5,35
2016,NUT BOLT&WASHER (10 NO )40,COMMON,SW,2.75,35
2021,NUT BOLT&WASHER (13 NO ) 18 MM,COMMON,SW,3.5,35
2022,NUT BOLT&WASHER NO.13 18MM,COMMON,SW,3.62,35
2023,NUT BOLT&WASHER NO.13 30MM,COMMON,SW,4.12,35
2024,NUT BOLT&WASHER NO.13 35MM,COMMON,SW,4.37,35
177,TOP GAER WITH NUT,RAJDOOT,SW,287.5,35
873,KICK SHAFT ,B.M-80,SW,168.3,35
908,CHAIN COVER BOLT SMALL,HH,SW,2.5,35
908A,CHAIN COVER BOLT BIG,HH,SW,2.5,35
865,FOUNDATION BOLT (NUT &WASHER),B.M-80,SW,15,35
378,GEAR TIGHTER MAKHI SPL.,BAJAJ,SW,2.32,35
868,F.FORK LINK BUSH SET WITH SLEEVE,B.M-80,SW,36.25,35
866,F.FORK LINK BOLT W.NUT & NIPPLE BIG,B.M-80,SW,20,35
867,F.FORK LINK BOLT W.NUT SMALL,B.M-80,SW,11,35
AND,XXX,XXXX,XXX,0,0
NEW-012255,BREAK PEDAL ,"NEW CT-100 DX,PLATINA",NEWIN,198.36,43
NEW-014102,BREAK ROD+PIN,SPL/PASSION/CD-DAWN,NEWIN,45.72,43
NEW-014256,BREAK ROD,PULSR/DTSI,NEWIN,45.72,43
NEW-026101,CLUTCH HUB,HH,NEWIN,158.4,43
NEW-026254,CLUTCH HUB,PULSR/DTSI&180,NEWIN,198.48,43
NEW-027103,CH.TENSIONER ASSAY,"ACHIVER,UNI,SUP,SP",NEWIN,130.8,43
NEW-027104,CH-TENSIONER ASSAY,AMBITION/CBZ/KRZ,NEWIN,111.24,43
NEW-027204@,CH.TENSIONER ASSY,STAR/STAR CITY,NEWIN,130.8,43
NEW-027252,CH-TENSIONER ASSY,CALIBER/KB-4S,NEWIN,117.6,43
NEW-027254@,CH.TENSIONER ASSY,DTSI,NEWIN,117.6,43
NEW-027255@,CH.TENSIONER ASSY,DISC/PLSR/CT-100,NEWIN,117.6,43
NEW-028101,CLUTCH CENTER,HH,NEWIN,111.12,43
NEW-028253,CLUTCH CENTER,DISC/DTSI/PLSR-180,NEWIN,146.04,43
NEW-029101,CLUTCH HOUSING+RUB-KIT,HH,NEWIN,152.4,43
NEW-029102,CLUTCH HOUSING,GLMR/S-SPL,NEWIN,201,43
NEW-029151,CLUTCH HOUSING,YBX/CRX/LIB/RX100,NEWIN,167.88,43
NEW-062262,MAIN TUBE,BAJAJ-XCD,NEWIN,710.4,43
NEW-064101,REAR NO. PLATE,SPL,NEWIN,41.4,43
NEW-064201,REAR NO.PLATE,TVS SUZUKI,NEWIN,41.4,43
NEW-064253,REAR NO. PLATE ,4S,NEWIN,44.16,43
NEW-065101,PLUG SPANNER,HH,NEWIN,39.24,43
NEW-067201,R-MUD PATTI BIG,TVS-SUZUKI,NEWIN,87.12,43
NEW-067202,R-MUD PATTI SMALL,TVS-SUZUKI,NEWIN,50.16,43
NEW-068101,PLUG ADAPTOR,HH,NEWIN,17.4,43
NEW-068202,PLUG ADAPTER,VICTOR,NEWIN,21.78,43
NEW-068206,PLU ADAPTER,TVS STAR,NEWIN,23.88,43
NEW-068208,PLUD ADPTER,SCOOTY,NEWIN,21.72,43
NEW 070103,SINDE STAND,SPL/PASSION,NEWIN,89.4,43
NEW-070451,SIDE STAND,M-80,NEWIN,100.32,43
NEW-071201,SILENCER END CAP,TVS-SUZUKI,NEWIN,87.24,43
NEW-071253,SILENCR END CAP,KB-4S,NEWIN,100.2,43
NEW-073451,SILENCER JALI,M-80 OLD,NEWIN,56.64,43
NEW-075202,SPOCKET HUB,SAMURAI,NEWIN,239.88,43
NEW-075203,SPOCKET HUB,VICTOR,NEWIN,231.24,43
NEW-076451,SHOCKER BUSH BIG,M-80,NEWIN,7.8,43
NEW-078103,S.METER WORM(STEEL),S-SPL,NEWIN,43.56,43
NEW-078204,S.METER WORM(STEEL),VICTOR,NEWIN,43.56,43
NEW-078206,S.METER WORM((STEEL),STAR CITY,NEWIN,43.56,43
NEW-078252,S.MTER WORM(STEEL),KB-4S,NEWIN,43.56,43
NEW-078257,S.METER WORM(STEEL),DISCOVER,NEWIN,43.56,43
NEW-082101,STAND PIN,HH,NEWIN,34.8,43
NEW-090351,WHEEL RIM,BAJAJ,NEWIN,414.36,43
NEW-1001,ACC. PIPE,HH,NEWIN,12.96,43
NEW-1053,CH.COVER-BOLT BIG,HH,NEWIN,1.44,43
NEW-1054,CH.COVER-BOLT SMALL,HH,NEWIN,1.38,43
NEW-1061,DRUM PLATE NUT+BOLT SM.,HH,NEWIN,8.64,43
NEW-1107,HANDLE RUB. SET-4,HH,NEWIN,8.64,43
NEW-2001,ACC.PIPE,TVS-SUZUKI,NEWIN,10.2,43
NEW-2002,ACC.PIPE,SAMURAI,NEWIN,10.2,43
NEW-2101,CHOKE LEVER,TVS-SUZUKI,NEWIN,11.28,43
NEW-2104,CRANK-CASE SCREW,TVS-SUZUKI,NEWIN,93.6,43
NEW-2501,ACC.PIPE,KB-100/KB-4S,NEWIN,10.2,43
NEW-SP102,BRK.SHOE SPRING,HH,NEWIN,2.4,43
NEW-SP120,BRK-SHOE SPRING,TVS-SUZUKI,NEWIN,3.6,43
NEW-SP130,BRK-SHOE SPRING,KB-4S,NEWIN,3.6,43
NEW-SP250,BRK-LIGHT SPRING,TVS-SUZUKI,NEWIN,2.28,43
NEW-SP302,SPRING CENTER STAND,SPL,NEWIN,15.24,43
NEW-SP631,KICK SPRING,PLATINA/4S,NEWIN,19.56,43
NEW-SP701,SD.STAND SPRING,HH/UNICORN,NEWIN,10.8,43
NEW-SP702,SD.STAND SPRING,SPL/CBZ,NEWIN,12,43
NEW-SP720,SD STAND SPRING,TVS-SUZUKI,NEWIN,10.8,43
NEW-SP725,SD STAND SPRING,VICTOR,NEWIN,10.8,43
STD-006,TIMING KIT (SET-3),CD-DELUX,SG,127.4,43
STD-006A,TIMING KIT(SET-3),KRAZIMA,SG,149.5,43
STD-007,TIMING KIT(SET-3),VICTOR,SG,149.5,43
STD-007A,TIMING KIT(SET-3),FIERO,SG,149.5,43
STD-008,TIMING KIT(SET-3),CENTRA/STAR,SG,149.5,43
STD-008A,TIMING KIT(SET-3),APACHE,SG,149.5,43
STD-009,TIMING KIT(SET-3),YBX,SG,149.5,43
STD-009A,TIMING KIT(SET-3),CRUX,SG,149.5,43
STD-009B,TIMING KIT(SET-3),FAZER,SG,149.5,43
STD-010,TIMING KIT(SET-3),ADRENO/FREDM,SG,149.5,43
STD-011,TIMING KIT(SET-3),ACTIVA,SG,149.5,43
STD-011A,TIMING KIT(SET-3),UNICORN,SG,149.5,43
STD-012,R.CHAIN GUIDE BIG,HH,SG,29.5,43
STD-013,R-CHAIN GUIDE(BOLT WASHER),HH,SG,34.7,43
STD-014,R.C.CHAIN TENSIONER SM.,HH,SG,27.55,43
STD-015,OIL PUMP SPROCKET 25T,HH,SG,57.4,43
STD-017,CAM SPROCKET,HH,SG,42,43
STD-018,CAM SPROCKET,KB-4S/PLATINA,SG,42,43
STD-019,CAM SPROCKET,CRUX/YBX,SG,61.5,43
STD-021,CAM SPROCKET,CBZ/AMBITION,SG,61.5,43
STD-022,CAM SPROCKET,VICTOR/GL,SG,58.5,43
STD-023,CAM SPROCKET,PULSR/DTSI/DISC,SG,41,43
STD-023A,CAM SPROCKET,FIERO/APACHE/F2,SG,61.5,43
STD-023B,CAM SPROCKET,ADRENO/FREDM,SG,61.5,43
STD-023D,CAM SPROCKET,UNICORN,SG,66.5,43
STD-023E,CAM SPROCKET,CENTRA/STAR/CITY,SG,61.5,43
STD-023F,CAM SPROCKET,ACTIVA,SG,71.5,43
STD-023G,CAM SPROCKET,S-SPL,SG,61.5,43
STD-060,CLUTCH PLATE,HH/CD-DLUX,SG,110.5,43
STD-061,CLUTCH PLATE,CBZ/UNI/WIND/HNK/,SG,156,43
STD-061A,CLUTCH PLATE,S-SPL,SG,162.5,43
STD-061B,CLUTCH PLATE,GLAMOUR,SG,130,43
STD-062,CLUTCH PLATE,RX-100/FAZER,SG,140.4,43
STD-063,CLUTCH PLATE,RXG/YBX,SG,166.4,43
STD-064,CLUTCH PLATE,CRUX/LIBRO/FAZER,SG,166.4,43
STD-065,CLUTCH PLATE,TVS-SUK/SAMURAI,SG,140.4,43
STD-066,CLUTCH PLATE,FIERO/F2,SG,104.4,43
STD-067,CLUTCH PLATE,VICTOR/STAR,SG,117,43
STD-068,CLUTCH PLATE,TVS-CENTRA,SG,153.4,43
STD-069,CLUTCH PLATE,APACHE,SG,146.25,43
STD-070,CLUTCH PLATE,KB-4S/BOXER,SG,117,43
STD-071,CLUTCH PLATE,CALIBER/CROMA,SG,117,43
STD-072,CLUTCH PLATE,PUL-150CC/DISC-125,SG,143,43
STD-073,CLUTCH PLATE,PUL-DTSI/180CC,SG,208,43
STD-201,KICK GUTTKA,RX-100,SG,100.3,43
STD-202,KICK GUTTKA,CRUX/YBX,SG,111,43
STD-203,KICK GUTTKA,SUZUKI,SG,93,43
STD-203A,KICK GUTTKA,VICTOR,SG,123,43
STD-204,KICK GUTTKA,CENTRA,SG,114,43
STD-204A,KICK GUTTKA,APACHE,SG,134,43
STD-205,KICK GUTTKA,STAR/CITY,SG,134,43
STD-205A,KICK GUTTKA,UNICORN,SG,144,43
STD-211,CLUTCH KATORA KIT,HH,SG,155.7,43
STD-212,CLUTCH KATORA KIT,RX-100,SG,172.6,43
STD-213,CLUTCH KATORA KIT,SUZUKI,SG,155,43
STD-214,CLUTCH KATORA KIT,SAMURAI,SG,155,43
STD-216,CLUTCH KATORA KIT,4S,SG,155,43
STD-215,CLUTCH KATORA KIT,RXG,SG,172.6,43
STD-217,CLUTCH KATORA KIT,CBZ,SG,160,43
STD-218,CLUTCH KATORA KIT,ADRENO ENERGY,SG,160,43
STD-219,CLUTCH KATORA KIT,VICTOR,SG,180,43
STD-220,CLUTCH KATORA KIT,CRUX,SG,172.6,43
STD-220A,CLUTCH KATORA KIT,PULSAR-150,SG,180,43
STD-220B,CLUTCH KATORA KIT,PULSAR DTSI,SG,180,43
STD-220C,CLUTCH KATORA KIT,TVS STAR,SG,220,43
STD-220D,CLUTCH KATORA KIT,CT -100,SG,210,43
STD-220E,CLUTCH KATORA KIT,DISCOVER,SG,180,43
STD-220F,CLUTCH KATORA KIT,SUP-SPL,SG,210,43
STD-220G,CLUTCH KATORA KIT,UNICORN,SG,180,43
STD-220H,CLUTCH KATORA KIT,PULSAR DIGITAL,SG,220,43
STD-221,CLUTCH RUBBER KIT,HH,SG,28.6,43
STD-222,CLUTCH RUBBER KIT,RX 100,SG,28.6,43
STD-223,CLUTCH RUBBER KIT,SUZUKI,SG,28.6,43
STD-224,CLUTCH RUBBER KIT,SAMURAI,SG,28.6,43
STD-225CLUTCH RUBBER KITCLUTCH RUBBER KIT,CLUTCH RUBBER KIT,RXG,SG,28.6,43
STD-226,CLUTCH RUBBER KIT,CBZ,SG,28.6,43
STD-227,CLUTCH RUBBER KIT,CRUX \YBX,SG,28.6,43
STD-228,CLUTCH WASH SPRING KIT,KB-4S,SG,46,43
STD-230,CLUTCH WASH SPRING KIT,PULSAR,SG,56.4,43
STD-230A,CLUTCH WASH SPRING KIT,SPL,SG,56.4,43
STD-231,COUPLING HUB,HH,SG,200,43
STD-232,COUPLING HUB,RX 100,SG,212.3,43
STD-234,COUPLING HUB,K B 4S,SG,260,43
STD-236,COUPLING HUB,TVS SUZUKI,SG,240,43
STD-237,COUPLING HUB,SAMURAI,SG,275,43
STD-238,COUPLING HUB,CBZ,SG,275.5,43
STD-239,COUPLING HUB,FREEDOM,SG,283.5,43
STD-240,COUPLING HUB,VICTOR,SG,245,43
STD-240B,COUPLING HUB,PULSUR-KB 100,SG,295,43
STD-240C,COUPLING HUB,PULSAR DTSI,SG,335,43
STD-073A,CLUTCH PLATE,RD,SG,104,43
STD-074,CLUTCH PLATE,CT-100/115,SG,158.6,43
STD-075,CLUTCH PLATE,SUPER-D,SG,115.5,43
STD-076,CLUTCH PLATE,FREEDOM,SG,110.5,43
STD-077,CLUTCH PLATE,DTSI-150/DISC-DTSI,SG,178.1,43
STD-078,CLUTCH PLATE,PLATINA,SG,146,43
STD-079,CLUTCH PLATE,PUL-DIGITAL,SG,155,43
STD-080,CLUTCH PLATE,UNICORN,SG,143,43
STD-085,R.BREAK SHOE,HH,SG,103,43
STD-086,R.BREAK SHOE,CBZ,SG,129,43
STD-087,R.BREAK SHOE,K-HONDA,SG,103,43
STD-088,R.BREAK SHOE,RX-100,SG,129,43
STD-089,R.BREAK SHOE,CRUX/R/YBX,SG,129,43
STD-091,R.BREAK SHOE,TVS-SUK,SG,109.5,43
STD-092,R.BREAK SHOE,SAMURAI/MAX-100,SG,132.9,43
STD-093,R.BREAK SHOE,VICTOR,SG,109.5,43
STD-094,R.BREAK SHOE,KB-100,SG,129,43
STD-095,R.BREAK SHOE,KB-4S,SG,109.5,43
STD-096,R.BREAK SHOE,BOXER/CALIBER-OLD,SG,109.5,43
STD-097,R.BREAK SHOE,CALIBER-NM,SG,129,43
STD-098,R.BREAK SHOE,PULSAR,SG,129,43
STD-099,R.BREAK SHOE,FREEDOM,SG,129,43
STD-100,R.BREAK SHOE,CHALLENGER,SG,103,43
STD-103,F.BREAK SHOE,SPL,SG,129,43
STD-104,F.BREAK SHOE,VICTOR,SG,132.9,43
STD-105,F.BREAK SHOE,S-SPL,SG,144.6,43
STD-106,DISK-PAD,CBZ/KRIZMA,SG,120.9,43
STD-107,DISK-PAD,PUL/DISC,SG,120.9,43
STD-108,DISK-PAD,CROMA,SG,120.9,43
STD-109,DISK-PAD,FREEDOM,SG,120.9,43
STD-110,DISK-PAD,FIERO/F2,SG,120.9,43
STD-111,DISK-PAD,S-SPL/UNI/GLAM/CBZ,SG,120.9,43
STD-112,DISK-PAD,VICTOR-GLX,SG,120.9,43
STD-113,DISK-PAD,FAZER,SG,120.9,43
STD-114,DISK-PAD,APACHE,SG,120.9,43
STD-114A,DISK-PAD,PUL-DIGITAL-200CC,SG,0,43
STD-115,MAIN TUBE,HH,SG,840,43
STD-116,MAIN TUBE,SPL/PASSION/CT-100,SG,780,43
STD-117,MAIN TUBE,SLEEK/SS,SG,840,43
STD-117A,MAIN TUBE,CBZ/AMBI,SG,840,43
STD-117B,MAIN TUBE,CD-DAWN,SG,840,43
STD117C,MAINTUB,STREET,SG,840,43
STD-118,MAIN TUBE,RX100,SG,840,43
STD-118A,MAIN TUBE,YBX/FAZER,SG,840,43
STD-119,MAIN TUBE,CRUX,SG,840,43
STD-119A,MAIN TUBE,RD/XLT,SG,840,43
STD-119B,MAIN TUBE,LIBRO/CRUX,SG,840,43
STD-119C,MAIN TUBE,FAZER,SG,840,43
STD-119D,MAIN TUBE,ENTICER,SG,840,43
STD-120,MAIN TUBE,SUK-OM,SG,840,43
STD-121,MAIN TUBE,SUK-R/MODLE,SG,840,43
STD-122,MAIN TUBE,SAMURAI/MAX-100,SG,840,43
STD-123,MAIN TUBE,FIERO/APACHE,SG,840,43
STD-123A,MAIN TUBE,VOCTOR/GL,SG,840,43
STD-123B,MAIN TUBE,MAX N/M,SG,840,43
STD-123C,MAIN TUBE,TVS/CENTRA,SG,840,43
STD-123D,MAIN TUBE,TVS/STAR CITY,SG,840,43
STD-123E,MAIN TUBE,VICTOR-GLX,SG,840,43
STD-124,MAIN TUBE,KB-100/KB-125,SG,840,43
STD-125,MAIN TUBE,KB-4S,SG,840,43
STD-126,MAIN TUBE,4S-CHMP,SG,840,43
STD-127,MAIN TUBE,CLIBER/115/BOXER,SG,840,43
STD-127A,MAIN TUBE,PULSAR,SG,840,43
STD-127B,MAIN TUBE,PUL-DTSI,SG,840,43
STD-128,MAIN TUBE,ADRENO,SG,840,43
STD-129,MAIN TUBE,FREEDOM,SG,840,43
STD-129A,MAIN TUBE,CT-100,SG,840,43
STD-129B,MAIN TUBE,DISCOVER,SG,840,43
STD-129C,MAIN TUBE,DISC-N/M,SG,840,43
STD-129D,MAIN TUBE,PLATINA,SG,840,43
STD-130,F.FT-REST ROD,HH,SG,238,43
STD-131,F.FT-REST ROD,RX-100,SG,277,43
STD-132,F.FT-REST ROD,TVS-SUK,SG,235,43
STD-133,F.FT-REST ROD,KB-100,SG,270,43
STD-134,F.FT-REST ROD,KB-4S/BOXER,SG,252,43
STD-135,F.FT-REST ROD,CALIBER,SG,304,43
STD-136,F.FT-REST ROD,YBX,SG,365,43
STD-137,F.FT-REST ROD,CRUX,SG,375,43
STD-138,F.FT-REST ROD,CRUX/R,SG,405,43
STD-139,F.FT-REST ROD,VICTOR/GL,SG,247,43
STD-139A,F.FT-REST ROD,CT-100,SG,310,43
STD-139B,F.FT-REST ROD,FIERO/F2,SG,320,43
STD-139C,F.FT-REST ROD,DISC/125,SG,328,43
STD-139D,F.FT-REST ROD,STAR/CITY,SG,270,43
STD-139E,F.FT-REST ROD,TVS-CENTRA,SG,320,43
STD-139F,F.FT-REST ROD,FIERO,SG,310,43
STD-139G,F.FT-REST ROD,PLATINA,SG,310,43
STD-139H,F.FT-REST ROD,FREEDOM,SG,257,43
STD-139I,F.FT-REST ROD,UNICORN,SG,273,43
STD-140,CENTER STAND,HH,SG,250,43
STD-141,CENTER STAND,SLEEK/SS,SG,302,43
STD-142,CENTER STAND,SPL/S-SPL,SG,260,43
STD-142A,CENTER STAND,SPL,SG,310,43
STD-143,CENTER STAND,RX-100,SG,245,43
STD-144,CENTER STAND,SUZUKI,SG,245,43
STD-145,CENTER STAND,KB/CT-100,SG,245,43
STD-146,CENTER STAND,KB-4S,SG,245,43
STD-147,CENTER STAND,CBZ,SG,280,43
STD-148,CENTER STAND,FIERO,SG,285,43
STD-149,CENTER STAND,ADRENO/ENG,SG,450,43
STD-149A,CENTER STAND,VICTOR,SG,305,43
STD-149B,CENTER STAND,YBX,SG,352,43
STD-149C,CENTER STAND,PUL-150,SG,300,43
STD-149D,CENTER STAND,PUL-DTSI,SG,315,43
STD-149E,CENTER STAND,DISC,SG,315,43
STD-149F,CENTER STAND,FREEDOM,SG,325,43
STD-149G,CENTER STAND,STAR/CITY,SG,305,43
STD-149H,CENTER STAND,UNICORN,SG ,305,43
STD-149I,CENTER STAND,PUL-DTSI ALLOY-WH,SG,305,43
STD-150,SIDE STAND,HH,SG,110,43
STD-151,SIDE STAND,SS,SG,115,43
STD-152,SIDE STAND,SPL,SG,91,43
STD-152A,SIDE STAND,SHINE,SG,91,43
STD-153,STDE STAND,RX100,SG,120,43
STD-153A,SIDE STAND,CRUX,SG,120,43
STD-154,SIDE STAND,SUZUKI,SG,90,43
STD-156,SIDE STAND,KB 4S,SG,90,43
STD-157,SIDE STAND,CALIBER,SG,120,43
STD-157A,SIDE STAND,APACHE,SG,120,43
STD-158,SIDE STAND,CBZ,SG,120,43
STD-159,SIDE STAND,FIERO,SG,115,43
STD-159A,SIDE STAND,VICTOR,SG,117,43
STD-159B,SIDE STAND,PULSAR,SG,120,43
STD-159C,SIDE STAND,PULSAR DTSI,SG,120,43
STD-159D,SIDE STAND,VICTOR GL,SG,120,43
STD-159E,SIDE STAND,FREEDOM, SG,160,43
STD-159F,SIDE STANDE,DISCOVER,SG,120,43
STD-159H,SIDE STAND,UNICORN,SG,120,43
STD-159I,SIDE STAND,STAR CITY,SG,120,43
STD-159J,SIDE STAND,DTSI  A/W,SG,120,43
STD-159G,SIDE STAND,PUL DIGITAL,SG,135,43
STD -159 K,SIDE STAND,KIN HH,SG,244,43
STD-159L,SIDE STAND,M  80 MAJOR,SG,174,43
STD-160,BRAKE PEDAL,HH,SG,202,43
STD-160 A,BRAKE PEDAL,SPLENDOR,SG,207,43
STD-161 ,BRAKE PEDAL,SUP SPL,SG,212,43
STD-161A,BRAKE PEDAL,CBZ,SG,287,43
STD-163,BRAKE PEDAL,RX 100,SG,198,43
STD-163A,BRAKE PEDAL,CRUX  YBX,SG,215,43
STD-164,BRAKE PEDAL,CRUX  R,SG,222,43
STD-164A,BRAKE PEDAL,LIBERO,SG,287,43
STD-165,BRAKE PEDAL,KB 4S,SG,255,43
STD-165B,BRAKE PEDAL,CT 100,SG,255,43
STD-165C,BRAKE PEDAL,CT 100  PLATINA,SG,255,43
STD-166,BRAKE PEDAL,PUL 150 /180,SG,233,43
STD-166A,BRAKE PEDAL,DISCOVER 125,SG,245,43
STD-166B,BRAKE PEDAL,DISCOVER 112,SG,275,43
STD-166C,BRAKE PEDAL,XCD,SG,254,43
STD-343,BATTERY STAND,KB-4S,SG,92.4,43
STD-345,BATTERY STAND PATTI,KB-4S,SG,19.25,43
STD-346,BATTERY STAND PATTI,SPL,SG,19.25,43
STD-351,HANDLE T,CD-100 OE,SG,580,43
STD-352,HANDLE T,SS OE,SG,580,43
STD-353,HANDLE T,SPL,SG,580,43
STD-354,HANDLE T,CBZ,SG,580,43
STD-355,HANDLE T,CD-DAWN,SG,580,43
STD-356,HANDLE T,KB-100,SG,580,43
STD-357,HANDLE T,KB-4S,SG,580,43
STD-358,HANDLE T,CALIBER,SG,580,43
STD-359,HANDLE T,CT-DELUX,SG,580,43
STD-360,HANDLE T,PUL-150/180,SG,580,43
STD-362,HANDLE T,115,SG,580,43
STD-362A,HANDLE T,CT-100,SG,580,43
STD-362B,HANDLE T,PUL-DTSI,SG,580,43
STD-362C,HANDLE T,DISCOVER,SG,580,43
STD-363,HANDLE T,SUZUKI/SAMURAI,SG,580,43
STD-364,HANDLE T,VICTOR,SG,580,43
STD-365,HANDLE T,CENTRA,SG,580,43
STD-366,HANDLE T, RX-100,SG,580,43
STD-367,HANDLE T,CRUX,SG,580,43
STD-368,HANDLE T,FREEDOM,SG,580,43
STD-369,HANDLE T,TVS-STAR,SG,580,43
STD-370,HANDLE T,ADRENO,SG,580,43
STD-370A,HANDLE T,S-SPL,SG,580,43
STD-370B,HANDLE T,GLAMOUR,SG,580,43
STD-370C,HANDLE T,LIBRO,SG,580,43
STD-371, R U FORK ASSY,HH/SS,SG,700,43
STD-372, R U FORK ASSY,HH O/M,SG,730,43
STD-373, R U FORK ASSY,SPL,SG,710,43
STD-373A, R U FORK ASSY,S-SPL,SG,945,43
STD-379, R U FORK ASSY,YAMAHA/RXG,SG,855,43
STD-379A, R U FORK ASSY,CRUX,SG,855,43
STD-380, R U FORK ASSY,SUZUKI,SG,955,43
STD-381, R U FORK ASSY,SAMURAI,SG,955,43
STD-382, R U FORK ASSY,VICTOR,SG,1250,43
STD-383, R U FORK ASSY,CALIBER/KB-4S O/M,SG,855,43
STD-384, R U FORK ASSY,CALIBER N/M,SG,855,43
STD-385, R U FORK ASSY,PULSAR,SG,0,43
STD-385A, R U FORK ASSY,PUL-DTSI,SG,1255,43
STD-385B, R U FORK ASSY,DISCOVER,SG,1305,43
STD-385D, R U FORK ASSY,CD-DLX,SG,780,43
STD-385E, R U FORK ASSY,STAR CITY,SG,955,43
STD-385F, R U FORK ASSY,GLAMOUR,SG,955,43
STD-385C, R U FORK ASSY,VICTOR-GLX,SG,1255,43
STD-385G, R U FORK ASSY,PLTINA,SG,1005,43
STD-386,PETROL FILTER,HH,SG,9.45,43
STD-387,PETROL FILTER,HH W-PIPE,SG,14,43
STD-387A,PETROL FILTER,HH W-PIPE OE,SG,20.8,43
STD-388,PETROL FILTER,YAMAHA,SG,19.5,43
STD-389,PETROL FILTER,SUZUKI,SG,19.5,43
STD-390,PETROL FILTER,SAMURAI,SG,19.5,43
STD-391,PETROL FILTER,KB-100,SG,19.5,43
STD-392,PETROL FILTER,KB-4S,SG,19.5,43
STD-393,PETROL FILTER,CALIBER W-PIPE,SG,28.6,43
STD-393A,PETROL FILTER,VICTOR,SG,19.5,43
STD-393B,PETROL FILTER UNI.BIG,100CC,SG,20,43
STD-393C,PETROL FILTER UNI.SMALL,100CC,SG,11,43
STD-394,OIL FILTER,CALIBER,SG,20.8,43
STD-395,OIL FILTER,FIERO,SG,20.8,43
STD-396,OIL FILTER,ADRENO,SG,20.8,43
STD-397,OIL FILTER,VICTOR OE,SG,20.8,43
STD-398,OIL FILTER,PULSAR,SG,20.8,43
STD-399,OIL FILTER,FREEDOM,SG,20.8,43
STD-401,SEAT HANDLE,RX 100,SG,322,43
STD-402,SEAT HANDLE,TVS SUZUKI,SG,305,43
STD-403,SEAT HANDLE,KB 100,SG,305,43
STD-404,SEAT HANDLE,SAMURAI,SG,130,43
STD-405,SEAT HANDLE CARRIER,HH,SG,590,43
STD-506,SEAT HANDLE CARRIER,SPL,SG,530,43
STD-407,SEAT HANDLE CARRIER,KB 4S,SG,590,43
STD-411,CUP CONE SET,HH,SG,114,43
STD-411A,CUP CONE SET,CBZ,SG,114,43
STD-412,CUP CONE SET,RX-100,SG,126,43
STD-412A,CUP CONE SET,SUZUKI,SG,126,43
STD-413A,CUP CONE SET,FIERO,SG,152,43
STD-413B,CUP CONE SET,FIERO F2,SG,152,43
STD-413C`,CUP CONE SET,VICTOR,SG,152,43
STD-413D,CUP CONE SET,CENTRA,SG,152,43
STD-413E,CUP CON SET,TVS STAR,SG,145.5,43
STD-414,CUP CON SET,KB-4S,SG,126,43
STD-415,CUP CON SET,PULSAR`,SG,126,43
STD-416,CUP CON SET,CT-100,SG,126,43
STD-416A,CUP CON SET,DISCOVER,SG,152,43
STD-417,CUP CON SET,ADERINO,SG,114,43
STD-418,CUP CON SET,STREET,SG,178,43
STD-419,CUP CON SET,S-SPL/GLAM,SG,152,43
STD-420,CUP CON SET,UNICORN,SG,152,43
STD-420A,CUP CON SET,APACHE,SG,152,43
STD-421,SUSPENSION BUSH,HH,SG,45.5,43
STD-421A,SUSPENSION BUSH,S-SPL,SG,60,43
STD-422,SUSPENSION BUSH,CRUX/RX-100/YBX,SG,51,43
STD-423,SUSPENSION BUSH,SUZUKI,SG,51,43
STD-424,SUSPENSION BUSH,KB-4S/KB-100,SG,46.5,43
STD-425,SUSPENSION BUSH,FREDOM,SG,110,43
STD-426,SUSPENSION BUSH,AMBITION,SG,86,43
STD-427,SUSPENSION BUSH,VICTOR,SG,51,43
STD-428,SUSPENSION BUSH,PULSAR,SG,86,43
STD-167,BRAKE PEDAL,SUZUKI,SG,198,43
STD-167A,BRAKE PEDAL,FIERO,SG,229,43
STD-167B,BRAKE PEDAL,CENTRA,SG,285,43
STD-167C,BRAKE PEDAL,VICTOR,SG,243,43
STD-167D,BRAKE PEDAL,VICTOR\GLX,SG,277,43
STD-168A,BRAKE PEDAL,STAR/CITY,SG,240,43
STD-168B,BREAK PEDAL,APACHE,SG,277,43
STD-169,BREAK PEDAL,UNICORN,SG,277,43
STD-169B,BREAK PEDAL,FREEDOM,SG,272,43
STD-169K,BREAK PEDAL,KB-100,SG,290,43
STD-169E,BREAK PEDAL,WIND-125,SG,245,43
STD-169Q,BREAK PEDAL,ADRENO,SG,250,43
STD-169R,BREAK PEDAL,AMBITION,SG,287,43
STD-169S,BREAK PEDAL,FIERO/F2,SG,300,43
STD-169T,BREAK PEDAL,SHINE,SG,198,43
STD-170,GEAR LEVER,HH,SG,144,43
STD-170A,GEAR LEVER,SS/SLEEK,SG,169,43
STD-170B,GEAR LEVER,SPL,SG,158,43
STD-170C,GEAR LEVER,S-SPL/GLAM,SG,188,43
STD-171,GEAR LEVER,CBZ/KRIZMA/HUNK,SG,178,43
STD-171A,GEAR LEVER,AMIBITION,SG,244,43
STD-171B,GEAR LEVER,CD-DAWN/DELUX,SG,155,43
STD-171C,GEAR LEVER,CBZ,SG,176,43
STD-172,GEAR LEVER,KB-100,SG,170,43
STD-172A,GEAR LEVER,KB-4S,SG,144,43
STD-172B,GEAR LEVER,CT-100/PLATINA,SG,156,43
STD-173,GEAR LEVER,PUL-150/180/DTSI,SG,154,43
STD-173B,GEAR LEVER,DISC-125/135,SG,157,43
STD-173C,GEAR LEVER,XCD,SG,180,43
STD-174,GEAR LEVER,RX-100,SG,175,43
STD-174A,GEAR LEVER,CRUX/YBX/LIBRO,SG,158,43
STD-175,GEAR LEVER,SUZUKI,SG,113,43
STD-175A,GEAR LEVER,FIERO,SG,200,43
STD-175B,GEAR LEVER,VICTOR,SG,150,43
STD-176,GEAR LEVER,VICTOR-GLX/STAR/CITY,SG,158,43
STD-176A,GEAR LEVER,CENTRA,SG,180,43
STD-176B,GEAR LEVER,APACHE-150,SG,195,43
STD-177,GEAR LEVER,UNICORN,SG,280,43
STD-177B,GEAR LEVER,FREEDOM,SG,188,43
STD-177E,GEAR LEVER,XLT,SG,156,43
STD-177F,GEAR LEVER,SHINE,SG,260,43
STD-180,KICK LEVER,HH,SG,224,43
STD-180A,KICK LEVER,SPL/PASSION/SS,SG,233,43
STD-180B,KICK LEVER,S-SPL/GLAM,SG,312,43
STD-181,KICK LEVER,CBZ/AMBITION,SG,368,43
STD-181A,KICK LEVER,CBZ/HUNK,SG,511,43
STD-181B,KICK LEVER,SHINE,SG,410,43
STD-182,KICK LEVER,CT-100/PLATINA,SG,382,43
STD-182A,KICK LEVER,KB-4S/CALIBER/BOXER,SG,218,43
STD-182B,KICK LEVER,PUL-180/150,SG,411,43
STD-183,KICK LEVER,DISC-125/135,SG,362,43
STD-183A,KICK LEVER,DISC/WIND-125,SG,416,43
STD-183B,KICK LEVER,XCD-125,SG,416,43
STD-183C,KICK LEVER,BYK,SG,272,43
STD-184,KICK LEVER,RX-100,SG,282,43
STD-184A,KICK LEVER,YBX/ENTICER,SG,280,43
STD-185,KICK LEVER,YD-125 RXG,SG,300,43
STD-185A,KICK LEVER,CRUX/LIBRO,SG,313,43
STD-186,KICK LEVER,SUZUKI,SG,231,43
STD-186A,KICK LEVER,VICTOR GLX,SG,297,43
STD-186B,KICK LEVER,CENTRA,SG,310,43
STD-186C,KICK LEVER,STAR,SG,313,43
STD-187,KICK LEVER,APACHE-150,SG,355,43
STD-187A,KICK LEVER,FREEDOM,SG,311,43
STD-187B,KICK LEVER,UNICORN,SG,355,43
STD-189B,KICK LEVER,VICTOR,SG,187,43
STD-189E,KICK LEVER,XLT,SG,233,43
STD-189F,KICK LEVER,M-80,SG,218,43
STD-189G,KICK LEVER,RD-O/M,SG,218,43
STD-189H,KICK LEVER,SUPER-XL,SG,224,43
STD-189I,KICK LEVER,NOVA,SG,250,43
STD-189J,KICK LEVER,ADRENO,SG,226,43
STD-190,KICK SHAFT,HH,SG,180,43
STD-190A,KICK SHAFT,AMBITION,SG,197,43
STD-191,KICK SHAFT,YAMAHA,SG,224,43
STD-191A,KICK SHAFT,YBX/CRUX,SG,224,43
STD-192,KICK SHAFT,SUZUKI,SG,224,43
STD-192A,KICK SHAFT,FIERO,SG,197,43
STD-192B,KICK SHAFT,VICTOR,SG,212,43
STD-193,KICK SHAFT,KB-100,SG,224,43
STD-193A,KICK SHAFT,KB-4S/CT-100,SG,157,43
STD-194,KICK SHAFT,PULSAR,SG,197,43
STD-195,KICK SHAFT,FREEDOM,SG,197,43
STD-195B,KICK SHAFT,TVS CENTRA,SG,215,43
STD-195C,KICK SHAFT,DISC,SG,215,43
STD-196,KICK GUTTKA,SPL,SG,74,43
STD-196A,KICK GUTTKA,S-SPL/GLAM,SG,124,43
STD-197,KICK GUTTKA,CBZ/AMBITION,SG,139,43
STD-197A,KICK GUTTKA,CBZ/HUNK,SG,194,43
STD-198,KICK GUTTKA,CT-100/PLATINA,SG,106,43
STD-198A,KICK GUTTKA,KB-4S/CALIBER,SG,62,43
STD-199,KICK GUTTKA,PUL-150/180,SG,184,43
STD-199A,KICK GUTTKA,BYK,SG,81,43
STD-200,KICK GUTTKA,WIND,SG,135,43
STD-200A,KICK GUTTKA,DISC-125/135,SG,129,43
STD-240D,COUPLING HUB,TVS STAR,SG,245,43
STD-240E,COUPLING HUB,CT 100,SG,260,43
STD-240F,COUPLING HUB,SUPER SPL,SG,315,43
STD-241,HANDLE BAR SHORT CP,100 CC,SG,144,43
STD-242,HANDLE BAR SHORT BK,100CC,SG,144,43
STD-244,HANDLE BAR,HH,SG,198,43
STD-245,HANDLE BAR,SPLENDER ,SG,198,43
STD-245A,HANDLE BAR,CBZ,SG,215,43
STD-245B,HANDLE BAR,SUPER SPLENDER,SG,198,43
STD-245C,HANDLE BAR,AMBITION,SG,215,43
STD-246,HANDLE BAR,RX-100,SG,245,43
STD-246A,HANDLE BAR,YBX,SG,198,43
STD-247,HANDLE BAR,CRUX,SG,225,43
STD-248,HANDLE BAR,SAMURAI,SG,198,43
STD-248A,HANDLE BAR,FIERO,SG,245,43
STD-249,HANDLE BAR,VICTOR,SG,198,43
STD-250`,HANDLE BAR,CENTRA,SG,198,43
STD-250A,HANDLE BAR,TVS STAR,SG,198,43
STD-251,HANDLE BAR,KB100,SG,198,43
STD-252,HANDLE BAR,KB-4S,SG,198,43
STD-253,HANDLE BAR,CALIBER OLD+NEW ,SG,255,43
STD-254,HANDLE BAR,CITY 100,SG,198,43
STD-255,HANDLE BAR,PUSAR-150,SG,240,43
STD-256,HANDLE BAR,PULSAR-180,SG,240,43
STD-257,HANDLE BAR,PULSAR DTSI-150,SG,240,43
STD-258,HANDLE BAR,PULSAR DTSI-180,SG,240,43
STD-259,HANDLE BAR,DISCOVER,SG,240,43
STD-259A,HANDLE BAR,PULSAR DIGITAL,SG,240,43
STD-260,HANDLE BAR,ADRENO,SG,250,43
STD-260A,HANDLE BAR,FREEDOM,SG,255,43
STD-260B,HANDLE BAR,ENTICER,SG,300,43
STD-261,R FOOT REST ASSY,CD 100,SG,72.7,43
STD-262,R FOOT REST ASSY,SLEEK SS,SG,78,43
STD-263,R FOOT REST ASSY,SPL,SG,93.5,43
STD-263A,R FOOT REST ASSY,SPL LEFT,SG,47.4,43
STD-263B,R FOOT REST ASSY,SPL RIGHT,SG,47.4,43
STD-264,R FOOT REST ASSY,CBZ AMBITION,SG,108.2,43
STD-264A,R FOOT REST ASSY,AMBITION LEFT,SG,54.75,43
STD-264B,R FOOT REST ASSY,AMBITION RIGHT,SG,54.75,43
STD-265,R FOOT REST ASSY,RX-100,SG,81.5,43
STD-265A,R FOOT REST ASSY,CRUX,SG,114.7,43
STD-266,R FOOT REST ASSY,SUZUKI,SG,76.3,43
STD-267,R FOOT REST ASSY,VICTOR,SG,101.7,43
STD-267A,R FOOT REST ASSY,VICTOR LEFT,SG,51.5,43
STD-267B,R FOOT REST ASSY,VICTOR R-,SG,51.5,43
STD-268,R FOOT REST ASSY,KB-4S,SG,78.9,43
STD-268A,R FOOT REST ASSY,BOXER-AT,SG,95.8,43
STD-268B,R FOOT REST ASSY,CT-100,SG,103,43
STD-268C,R FOOT REST ASSY,PULSAR,SG,88,43
STD-268D,R FOOT REST ASSY,PUL-LEFT,SG,44.65,43
STD-268E,R FOOT REST ASSY,PULSAR/R,SG,44.65,43
STD-268F,R FOOT REST ASSY,PUL-DTSI,SG,95.8,43
STD-268G,R FOOT REST ASSY,PUL-DTSI/L,SG,48.5,43
STD-268H,R FOOT REST ASSY,PUL-DTSI/R,SG,48.55,43
STD-268I,R FOOT REST ASSY,FREEDOM,SG,108.2,43
STD-268J,R FOOT REST ASSY,APACHE-RTR,SG,218,43
STD-269,F. FOOT REST ASSY,SPL,SG,94.8,43
STD-269A,F. FOOT REST ASSY,SPL/L,SG,48.05,43
STD-269B,F. FOOT REST ASSY,SPL/R,SG,48.05,43
STD-269C,F. FOOT REST ASSY,S-SPL,SG,104,43
STD-270,F. FOOT REST ASSY,CBZ,SG,108.2,43
STD-270A,F. FOOT REST ASSY,CBZ/L,SG,54.75,43
STD-270B,F. FOOT REST ASSY,CBZ/R,SG,54.75,43
STD-271,F. FOOT REST ASSY,FREEDOM,SG,108.2,43
STD-272,F. FOOT REST ASSY,PULSAR,SG,97.1,43
STD-272A,F. FOOT REST ASSY,PULSAR/L,SG,50.2,43
STD-272B,F. FOOT REST ASSY,PULSAR/R,SG,50.2,43
STD-272C,F. FOOT REST ASSY,APACHE-RTR,SG,204,43
STD-273,F.FT REST BRACKET,SPL/L,SG,78,43
STD-273A,F.FT REST BRACKET,SPL/R,SG,83,43
STD-273B,F.FT REST BRACKET,PULSAR/L,SG,118,43
STD-273C,F.FT REST BRACKET,PULSAR/R,SG,118,43
STD274,F FOOTREST PATTI,SPL,SG,13.7,43
STS-274A,F FOOTREST PATTI,CBZ,SG,15.6,43
STD-274B,F FOOTREST PATTI,VICTOR,SG,13.7,43
STD-274C,F FOOTREST PATTI,PULSAR,SG,15.6,43
STD-274D,F FOOTREST PATTI,FREEDOM,SG,13.7,43
STD-274E,F FOOTREST PATTI,AMBITI,SG,15.5,43
STD-274F,R FOOTREST PATTI,VICTOR,SG,13.7,43
 STD-275,T/L BRACKET,HH,SG,58,43
STD-277,T/L BRACKET,RX-100,SG,72,43
STD-278,T/L BRACKET,SUZUKI,SG,100.8,43
STD-280,T/L BRACKET,KB-4S,SG,152,43
STD-281,T/L BRACKET,SPL,SG,68,43
STD-283,T/L BRACKET,BOXER/CITY,SG,110.6,43
STD-284,T/L BRACKET,CRUX/YBX,SG,72,43
STD-285,R.INDICATOR PATTI,SPL,SG,28.4,43
STD-285A,F.NO.PLATE BRACKET,SPL,SG,24,43
STD-285B,R.NO.PLATE PATTI,SPL,SG,20.6,43
STD-285C,INDICAOR PATTI,PASSION,SG,36,43
STD-285E,VISOR PATTI,SPL,SG,9.5,43
STD-285F,VISOR PATTI,PASSION/CBZ,SG,3.5,43
STD-285G,VISOR PATTI,VICTOR,SG,14.4,43
STD-286,METER PLATE,HH,SG,40.2,43
STD-286A,METER PLATE,CD-DAWN,SG,40.2,43
STD-287,METER PLATE,RX-100,SG,70.1,43
STD-288,METER PLATE,SUZUKI,SG,70.1,43
STD-289,METER PLATE,KB-100,SG,70.1,43
STD-290,METER PLATE,KB-4S,SG,50.6,43
STD-291,METER PLATE,SPL-PLASTIC,SG,33.8,43
STD-292,METER PLATE,CALIBER,SG,71.4,43
STD-293,METER PLATE,PASSION PLASTIC,SG,42.9,43
STD-294,METER PLATE,BOXER/CITY,SG,68.8,43
STD-295,METER PLATE,VICTOR,SG,74,43
STD-295A,METER PLATE,PULSAR,SG,74,43
STD-295B,METER PLATE,VICTOR-GL,SG,74,43
STD-295C,METER PLATE,MAX-N/M,SG,74,43
STD-295D,METER PLATE,CBZ,SG,74,43
STD-295E,METER PLATE,CT-100,SG,74,43
STD-296,SILENCER JALI,RX-100 OE,SG,89.1,43
STD-297,SILENCER JALI,RX-G,SG,95.6,43
STD-298,SILENCER JALI,RXG-135,SG,98.2,43
STD-299,SILENCER JALI,TVS-SUK/2-CUP,SG,77,43
STD-300,SILENCER JALI,SUK-3/CUP,SG,80,43
STD-302,SILENCER JALI,SHOGUN,SG,190,43
STD-303,SILENCER JALI,KB-100,SG,190,43
STD-304,SILENCER JALI,HH/SMALL,SG,28,43
STD-305,SILENCER JALI,MAX-N/M,SG,72,43
STD-306,SILENCER JALI,SUK-O/M,SG,40,43
STD-311,HANDLE PLATE,HH,SG,182.4,43
STD-312,HANDLE PLATE,YAMKAHA/RX-100,SG,97.5,43
STD-314,HANDLE PLATE,SUZUKI,SG,352,43
STD-315,HANDLE PLATE,SAMURAI,SG,365,43
STD-317,HANDLE PLATE,KB-4S/KB-100,SG,291,43
STD-318,HANDLE PLATE,RXG PLASTIC,SG,24.7,43
STD-319,HANDLE PLATE,SPL,SG,235,43
STD-320,HANDLE PLATE,CALIBER/BOXER,SG,291,43
STD-321,HANDLE PLATE,MAX-100 N/M,SG,391,43
STD-322,HANDLE PLATE,YBX,SG,415,43
STD-323,HANDLE PLATE,PULSAR,SG,395,43
STD-323A,HANDLE PLATE,PUL-DTSI,SG,525,43
STD-324,HANDLE PLATE,CALIBER-115,SG,274,43
STD-325,HANDLE PLATE,VICTOR,SG,332.2,43
STD-325A,HANDLE PLATE,CBZ,SG,259.1,43
STD-325B,HANDLE PLATE,CD-DAWN,SG,211,43
STD-325C,HANDLE PLATE,APACHE/RT6R,SG,525,43
STD-325D,HANDLE PLATE,APACHE O/L,SG,525,43
STD-326,S M WORM SET ,HH,SG,50,43
STD-326A,S M WORM SET ,SLEEK SS,SG,50,43
STD-327,S M WORM SET ,SPL,SG,50,43
STD-327A,S M WORM SET ,S-SPL/CD-DLUX,SG,50,43
STD-328,S M WORM SET ,RX-100,SG,50,43
STD-328A,S M WORM SET ,ENTICER,SG,70.5,43
STD-329,S M WORM SET ,SUZUKI,SG,50,43
STD-329A,S M WORM SET ,SAMURAI,SG,50,43
STD-429,SUSPENSION BUSH,LIBERO,SG,72.5,43
STD-431,ACC MUTHA SET-3,HH,SG,45.7,43
STD-432,ACC MUTHA SET-3,SPL,SG,52,43
STD-433,ACC MUTHA SET-3,CD-DAWN,SG,52,43
STD-434,ACC MUTHA SET-3,RX-100,SG,52,43
STD-435,ACC MUTHA SET-3,YBX,SG,58.5,43
STD-435A,ACC MUTHA SET-3,CRUX,SG,58.5,43
STD-436,ACC MUTHA SET-3,SUZUKI,SG,45.7,43
STD-437,ACC MUTHA SET-3,FIERO,SG,52,43
STD-438,ACC MUTHA SET-3,VICTOR/CENTRA,SG,52,43
STD-440,ACC MUTHA SET-3,KB-4S/KB-100,SG,45.7,43
STD-441,ACC MUTHA SET-3,CALIBER O/M,SG,52,43
STD-442,ACC MUTHA SET-3,CALIBER/115,SG,52,43
STD-443,ACC MUTHA SET-3,CT-100,SG,52,43
STD-444,ACC MUTHA SET-3,PUL-DTSI,SG,52,43
STD-445,ACC MUTHA SET-3,CBZ,SG,52,43
STD-446,ACC MUTHA SET-3,UNICORN,SG,52,43
STD-447,ACC MUTHA SET-3,FREEDOM,SG,52,43
STD-447A,ACC MUTHA SET,S-SPL/GLAM,SG,52,43
STD-447B,ACC MUTHA SET-3,DISCOVER,SG,52,43
STD-447C,ACC MUTHA SET-3,DISC-DTSI,SG,52,43
STD-447D,ACC MUTHA SET-3,APACHE,SG,52,43
STD-448,HANDLE GRIP SET-2,HH,SG,26,43
STD-448A,HANDLE GRIP SET-2,SPL,SG,39,43
STD-448B,HANDLE GRIP SET-2,RX-100,SG,35.1,43
STD-448C,HANDLE GRIP SET-2,YBX,SG,45.5,43
STD-448D,HANDLE GRIP SET-2,CRUX/R,SG,45.5,43
STD-449,ACC MUTHA SET-MOUNTIG,HH,SG,75,43
STD-449A,ACC MUTHA SET-MOUNTING,YAMAHA,SG,71.5,43
STD-450,ACC MONTING SET,VICTOR,SG,39,43
STD-450A,ACC MONTING SET,HH,SG,24.05,43
STD-450B,ACC MONTING LOWER,HH OE,SG,10.92,43
STD-451,ACC PIPE,HH,SG,13,43
STD-452,ACC PIPE,RX-100,SG,13,43
STD-453,ACC PIPE,SUZUKI,SG,13,43
STD-455,ACC PIPE,KIB-4S/KB-100,SG,13,43
STD-456,ACC PIPE,CALIBER,SG,13,43
STD-457,ACC PIPE,CBZ,SG,13,43
STD-458,ACC PIPE,FIERO,SG,13,43
STD-459,ACC PIPE,VICTOR/CENTRA,SG,13,43
STD-459A,ACC PIPE,SAMURAI,SG,13,43
STD-460,ACC PIPE,PULSAR,SG,13,43
STD-461,REAR NO-PLATE,HH,SG,53.1,43
STD-462,REAR NO-PLATE,PASSION,SG,55.7,43
STD-463,REAR NO-PLATE,S-SPL,SG,53.1,43
STD-464,REAR NO-PLATE,YAMAHA,SG,53.1,43
STD-465,REAR NO-PLATE,YBX/CRUX,SG,53.1,43
STD-466,REAR NO-PLATE,SUZUKI/FIERO,SG,53.1,43
STD-467,REAR NO-PLATE,VICTOR,SG,58.3,43
STD-468,REAR NO-PLATE,TVS-CENTRA,SG,53.1,43
STD-469,REAR NO-PLATE,KB-4S,SG,53.1,43
STD-470,REAR NO-PLATE,PUL-DTSI,SG,53.1,43
STD-571,REAR NO-PLATE,CALIBER115/CT-100,SG,53.1,43
STD-472,REAR NO-PLATE,FREEDOM,SG,53.1,43
STD-330,S M WORM SET ,VICTOR,SG,50,43
STD-330A,S M WORM SET ,CENTRA,SG,50,43
STD-330B,S M WORM SET ,FIERO,SG,50,43
STD-330C,S M WORM SET ,VICTOR-GLX,SG,50,43
STD-330D,S M WORM SET ,STAR CITY,SGF,50,43
STD-330E,S M WORM SET ,CENTRA,SG,50,43
STD-331,S M WORM SET ,KB-4S/CALIBER,SG,50,43
STD-332,S M WORM SET ,CALIBER/CROMA,SG,50,43
STD-332A,S M WORM SET ,CALIBER-115,SG,50,43
STD-332B,S M WORM SET ,CT-100,SG,50,43
STD-332C,S M WORM SET ,PUL-DTSI,SG,50,43
STD-332D,S M WORM SET ,PUL-DIGITAL,SG,50,43
STD-333,S M WORM SET ,CBZ/AMBITION,SG,70.5,43
STD-334,S M WORM SET ,FREEDOM,SG,70.5,43
STD-334A,S M WORM SET ,PLATINA,SG,50,43
STD-334B,S M WORM SET ,ADERINO,SG,70.5,43
STD-335,S M WORM SET ,HH OE,SG,36,43
STD-336,S M WORM SET ,SPL/PASSION,SG,36,43
STD-336A,S M WORM SET ,CBZ,SG,39,43
STD-336B,S M WORM SET ,S-SPL/CD-DLUX,SG,20.8,43
STD-336C,S M WORM SET ,RX-100,SG,49.4,43
STD-336D,S M WORM SET ,CRUX,SG,49.4,43
STD-336E,S M WORM SET ,ENTICER,SG,49.4,43
STD-336F,S M WORM SET ,FREEDOM,SG,49.4,43
STD-337,S M WORM SET PVC,KB-4S,SG,24.7,43
STD-337A,S M WORM SET PVC,CALIBER N/M,SG,26,43
STD-337B,S M WORM SET PVC,CALIBER-115/DISC,SG,26,43
STD-337C,S M WORM SET PVC,CT-100,SG,26,43
STD-338,S M WORM SET PVC,PUL-DTSI,SG,26,43
STD-339,S M WORM SET PVC,SUZUKI,SG,24.7,43
STD-339A,S M WORM SET PVC,SAMURAI,SG,24.7,43
STD-340,S M WORM SET PVC,VICTOR,SG,26,43
STD-340A,S M WORM SET PVC,CENTRA,SG,26,43
STD-340B,S M WORM SET PVC,FREEDOM,SG,26,43
STD-340C,S M WORM SET PVC,PLATINA,SG,26,43
STD-340D,S M WORM SET PVC,SHINE,SG,26,43
STD-340E,S M WORM SET PVC,UNICORN,SG,26,43
STD-340F,S M WORM SET PVC,STAR SPORT,SG,26,43
STD-340G,S M WORM SET PVC,XCD,SG,0,43
STD-340H,S M WORM SET PVC,PUL-DTSI,SG,0,43
STD-340O,S M WORM BODY,CBZ,SG,180,43
STD-340P,S M WORM BODY,PULSAR,SG,180,43
STD-340Q,S M WORM BODY,DTSI N/M,SG,210,43
STD-340R,S M WORM BODY,APACHE,SG,191.8,43
STD-340S,S M WORM BODY,UNICORN,SG,180,43
STD-341,BATTERY STAND,HH,SG,36.2,43
STD-342,BATTERY STAND,SUZUKI,SG,39,43
